-- Скрипт с тестовыми данными
-- Менять можно на свое усмотрение. Главное чтоб не в миграциях это делать
-- При изменении схемы базы данных необходимо провести соответствующие изменения в этом скрипте
-- Не меняйте схему БД в этом скрипте (операции ALTER, DROP, CREATE)! Если необходимо поменять, то хотя бы не коммитьте в общий репоз

INSERT INTO roles(id, name)
VALUES (1, 'Студент'),
       (2, 'Преподаватель');

INSERT INTO users(id, sex, age)
VALUES (1, '0', 20),
       (2, '1', 19),
       (3, '0', 21),
       (4, '1', 22),
       (5, '0', 20);

INSERT INTO user_roles(user_id, role_id)
VALUES (1, 1),
       (2, 2),
       (3, 1),
       (4, 2),
       (5, 1);

INSERT INTO structure_types(id, name)
VALUES (1, 'Преподаватель'),
       (2, 'Аудитория'),
       (3, 'Этаж'),
       (4, 'Здание');

INSERT INTO structure_items(id, parent_id, type_id, order_num)
VALUES (1, NULL, 4, NULL),
       (2, 1, 3, NULL),
       (4, 3, 1, NULL),
       (3, 2, 2, 1),    --Аудитория номер 1
       (5, 2, 2, 2),    --Аудитория номер 2
       (6, 2, 2, 3);    --Аудитория номер 3

INSERT INTO actions(basic_name, parent_action_id, priority, strategy, strategy_data)
VALUES ('Узнать домашнее задание', NULL, 0, 'bert', 'Задание;Домашка;Узнать задание;Учеба;Учиться'),
       ('Найти преподавателя', 'Узнать домашнее задание', 0, 'bert',
        'Преподаватель;Учитель;Препод;Где препод;Найти учителя;Спросить преподавателя'),
       ('Поесть', NULL, 0, 'bert', 'Хочу есть;Хочу кушать;Кушать;Еда;Столовая;Кафетерий;Набить желудок;Поесть;Голод'),
       ('Найти столовую', 'Поесть', 0, 'bert', 'Столовая;Где столовая;Найти столовую;Еда'),
       ('Оплатить обучение', NULL, 0, 'bert', 'Деньги;Оплата;Оплатить;Касса;Оплатить семестр'),
       ('Снять деньги', 'Оплатить обучение', 2, 'bert', 'Снять деньги;Деньги;Наличка;Наличные'),
       ('Найти банкомат', 'Снять деньги', 0, 'bert', 'Банкомат;Снять деньги;Банк'),
       ('Найти кассу', 'Оплатить обучение', 1, 'bert', 'Касса;Оплата;Заплатить');

INSERT INTO structure_actions(structure_id, action_id)
VALUES (4, 'Узнать домашнее задание'),
       (3, 'Найти преподавателя'),
       (5, 'Поесть'),
       (5, 'Найти столовую'),
       (6, 'Оплатить обучение'),
       (2, 'Снять деньги'),
       (2, 'Найти банкомат'),
       (6, 'Найти кассу');

INSERT INTO dialog_states(id, name)
VALUES (1, 'OPENED'),
       (2, 'CLOSED');

INSERT INTO directions(id, name)
VALUES (1, 'INPUT'),
       (2, 'OUTPUT');

INSERT INTO dialogs(id, user_id, state_id, initial_place, expire_date)
VALUES (1, 1, 1, '', 1637405977);

INSERT INTO dialog_messages(id, dialog_id, direction_id, message, order_number)
VALUES (1, 1, 1, 'Хочу поесть', 1),
       (2, 1, 2, 'Отвести вас в столовую?', 2),
       (3, 1, 1, 'Да', 3);
